id,veh0,veh1,veh2,veh3,veh4,veh5,veh6,veh7,veh8,veh9,veh10,veh11,veh12,veh13,veh14,veh15,veh16,veh17,veh18,veh19,veh20,veh21,veh22,veh23,veh24,veh25,veh26,veh27,veh28,veh29,veh30,veh31,veh32,veh33,veh34,veh35,veh36,veh37,veh38,veh39,veh40,veh41,veh42,veh43,veh44,veh45,veh46,veh47,veh48,veh49,veh50,veh51,veh52,veh53,veh54,veh55,veh56,veh57,veh58,veh59,veh60,veh61,veh62,veh63,veh64,veh65,veh66,veh67,veh68,veh69,veh70,veh71,veh72,veh73,veh74,veh75,veh76,veh77,veh78,veh79,veh80,veh81,veh82,veh83,veh84,veh85,veh86,veh87,veh88,veh89,veh90,veh91,veh92,veh93,veh94,veh95,veh96,veh97,veh98,veh99,veh100,veh101,veh102,veh103,veh104,veh105,veh106,veh107,veh108,veh109,veh110,veh111,veh112,veh113,veh114,veh115,veh116,veh117,veh118,veh119,veh120,veh121,veh122,veh123,veh124,veh125,veh126,veh127,veh128,veh129,veh130,veh131,veh132,veh133,veh134,veh135,veh136,veh137,veh138,veh139,veh140,veh141,veh142,veh143,veh144,veh145,veh146,veh147,veh148,veh149,veh150,veh151,veh152,veh153,veh154,veh155,veh156,veh157,veh158,veh159,veh160,veh161,veh162,veh163,veh164,veh165,veh166,veh167,veh168,veh169,veh170,veh171,veh172,veh173,veh174,veh175,veh176,veh177,veh178,veh179,veh180,veh181,veh182,veh183,veh184,veh185,veh186,veh187,veh188,veh189,veh190,veh191,veh192,veh193,veh194,veh195,veh196,veh197,veh198,veh199,veh200,veh201,veh202,veh203,veh204,veh205,veh206,veh207,veh208,veh209,veh210,veh211,veh212,veh213,veh214,veh215,veh216,veh217,veh218,veh219,veh220,veh221,veh222,veh223,veh224,veh225,veh226,veh227,veh228,veh229,veh230,veh231,veh232,veh233,veh234,veh235,veh236,veh237,veh238,veh239,veh240,veh241,veh242,veh243,veh244,veh245,veh246,veh247,veh248,veh249,veh250,veh251,veh252,veh253,veh254,veh255,veh256,veh257,veh258,veh259,veh260,veh261,veh262,veh263,veh264,veh265,veh266,veh267,veh268,veh269,veh270,veh271,veh272,veh273,veh274,veh275,veh276,veh277,veh278,veh279,veh280,veh281,veh282,veh283,veh284,veh285,veh286,veh287,veh288,veh289,veh290,veh291,veh292,veh293,veh294,veh295,veh296,veh297,veh298,veh299,veh300,veh301,veh302,veh303,veh304,veh305,veh306,veh307,veh308,veh309,veh310,veh311,veh312,veh313,veh314,veh315,veh316,veh317,veh318,veh319,veh320,veh321,veh322,veh323,veh324,veh325,veh326,veh327,veh328,veh329,veh330,veh331,veh332,veh333,veh334,veh335,veh336,veh337,veh338,veh339,veh340,veh341,veh342,veh343,veh344,veh345,veh346,veh347,veh348,veh349,veh350,veh351,veh352,veh353,veh354,veh355,veh356,veh357,veh358,veh359,veh360,veh361,veh362,veh363,veh364,veh365,veh366,veh367,veh368,veh369,veh370,veh371,veh372,veh373,veh374,veh375,veh376,veh377,veh378,veh379,veh380,veh381,veh382,veh383,veh384,veh385,veh386,veh387,veh388,veh389,veh390,veh391,veh392,veh393,veh394,veh395,veh396,veh397,veh398,veh399,veh400,veh401,veh402,veh403,veh404,veh405,veh406,veh407,veh408,veh409,veh410,veh411,veh412,veh413,veh414,veh415,veh416,veh417,veh418,veh419,veh420,veh421,veh422,veh423,veh424,veh425,veh426,veh427,veh428,veh429,veh430,veh431,veh432,veh433,veh434,veh435,veh436,veh437,veh438,veh439,veh440,veh441,veh442,veh443,veh444,veh445,veh446,veh447,veh448,veh449,veh450,veh451,veh452,veh453,veh454,veh455,veh456,veh457,veh458,veh459,veh460,veh461,veh462,veh463,veh464,veh465,veh466,veh467,veh468,veh469,veh470,veh471,veh472,veh473,veh474,veh475,veh476,veh477,veh478,veh479,veh480,veh481,veh482,veh483,veh484,veh485,veh486,veh487,veh488,veh489,veh490,veh491,veh492,veh493,veh494,veh495,veh496,veh497,veh498,veh499,veh500,veh501,veh502,veh503,veh504,veh505,veh506,veh507,veh508,veh509,veh510,veh511,veh512,veh513,veh514,veh515,veh516,veh517,veh518,veh519,veh520,veh521,veh522,veh523,veh524,veh525,veh526,veh527,veh528,veh529,veh530,veh531,veh532,veh533,veh534,veh535,veh536,veh537,veh538,veh539,veh540,veh541,veh542,veh543,veh544,veh545,veh546,veh547,veh548,veh549,veh550,veh551,veh552,veh553,veh554,veh555,veh556,veh557,veh558,veh559,veh560,veh561,veh562,veh563,veh564,veh565,veh566,veh567,veh568,veh569,veh570,veh571,veh572,veh573,veh574,veh575,veh576,veh577,veh578,veh579,veh580,veh581,veh582,veh583,veh584,veh585,veh586,veh587,veh588,veh589,veh590,veh591,veh592,veh593,veh594,veh595,veh596,veh597,veh598,veh599,veh600,veh601,veh602,veh603,veh604,veh605,veh606,veh607,veh608,veh609,veh610,veh611,veh612,veh613,veh614,veh615,veh616,veh617,veh618,veh619,veh620,veh621,veh622,veh623,veh624,veh625,veh626,veh627,veh628,veh629,veh630,veh631,veh632,veh633,veh634,veh635,veh636,veh637,veh638,veh639,veh640,veh641,veh642,veh643,veh644,veh645,veh646,veh647,veh648,veh649,veh650,veh651,veh652,veh653,veh654,veh655,veh656,veh657,veh658,veh659,veh660,veh661,veh662,veh663,veh664,veh665,veh666,veh667,veh668,veh669,veh670,veh671,veh672,veh673,veh674,veh675,veh676,veh677,veh678,veh679,veh680,veh681,veh682,veh683,veh684,veh685,veh686,veh687,veh688,veh689,veh690,veh691,veh692,veh693,veh694,veh695,veh696,veh697,veh698,veh699,veh700,veh701,veh702,veh703,veh704,veh705,veh706,veh707,veh708,veh709,veh710,veh711,veh712,veh713,veh714,veh715,veh716,veh717,veh718,veh719,veh720,veh721,veh722,veh723,veh724,veh725,veh726,veh727,veh728,veh729,veh730,veh731,veh732,veh733,veh734,veh735,veh736,veh737,veh738,veh739,veh740,veh741,veh742,veh743,veh744,veh745,veh746,veh747,veh748,veh749,veh750,veh751,veh752,veh753,veh754,veh755,veh756,veh757,veh758,veh759,veh760,veh761,veh762,veh763,veh764,veh765,veh766,veh767,veh768,veh769,veh770,veh771,veh772,veh773,veh774,veh775,veh776,veh777,veh778,veh779,veh780,veh781,veh782,veh783,veh784,veh785,veh786,veh787,veh788,veh789,veh790,veh791,veh792,veh793,veh794,veh795,veh796,veh797,veh798,veh799,veh800,veh801,veh802,veh803,veh804,veh805,veh806,veh807,veh808,veh809,veh810,veh811,veh812,veh813,veh814,veh815,veh816,veh817,veh818,veh819,veh820,veh821,veh822,veh823,veh824,veh825,veh826,veh827,veh828,veh829,veh830,veh831,veh832,veh833,veh834,veh835,veh836,veh837,veh838,veh839,veh840,veh841,veh842,veh843,veh844,veh845,veh846,veh847,veh848,veh849,veh850,veh851,veh852,veh853,veh854,veh855,veh856,veh857,veh858,veh859,veh860,veh861,veh862,veh863,veh864,veh865,veh866,veh867,veh868,veh869,veh870,veh871,veh872,veh873,veh874,veh875,veh876,veh877,veh878,veh879,veh880,veh881,veh882,veh883,veh884,veh885,veh886,veh887,veh888,veh889,veh890,veh891,veh892,veh893,veh894,veh895,veh896,veh897,veh898,veh899,veh900,veh901,veh902,veh903,veh904,veh905,veh906,veh907,veh908,veh909,veh910,veh911,veh912,veh913,veh914,veh915,veh916,veh917,veh918,veh919,veh920,veh921,veh922,veh923,veh924,veh925,veh926,veh927,veh928,veh929,veh930,veh931,veh932,veh933,veh934,veh935,veh936,veh937,veh938,veh939,veh940,veh941,veh942,veh943,veh944,veh945,veh946,veh947,veh948,veh949,veh950,veh951,veh952,veh953,veh954,veh955,veh956,veh957,veh958,veh959,veh960,veh961,veh962,veh963,veh964,veh965,veh966,veh967,veh968,veh969,veh970,veh971,veh972,veh973,veh974,veh975,veh976,veh977,veh978,veh979,veh980,veh981,veh982,veh983,veh984,veh985,veh986,veh987,veh988,veh989,veh990,veh991,veh992,veh993,veh994,veh995,veh996,veh997,veh998,veh999
4544836447,,,,,,,,,,,,,,,,,,,,,,,,,,,,,,,,,,,,,,,,,,,,,,,,,,,,,,,,,,,,,,,,,,,,,,,,,,,,,,,,,,,,,,,,,,,,,,,,,,,,,,,,,,,,,,,,,,,,,,,,,,,,,,,,,,,,,,,,,,,,,,,,,,,,,,,,,,,,,,,,,,,,,,,,,,,,,,,,,,,,,,,,,,,,,,,,,,,,,,,,,,,,,,,,,,,,,,,,,,,,,,,,,,,,,,,,,,,,,,,,,,,,,,,,,,,,,,,,,,,,,,,,,,,,,,,,,,,,,,,,,,,,,,,,,,,,,,,,,,,,,,,,,,,,,,,,,,,,,,,,,,,,,,,,,,,,,,,,,,,,,,,,,,,,,,,,,,,,,,,,,,,,,,,,,,,,,,,,,,,,,,,,,,,,,,,,,,,,,,,,,,,,,,,,,,,,,,,,,,,,,,,,,,,,,,,,,,,,,,,,,,,,,,,,,,,,,,,,,,,,,,,,,,,,,,,,,,,,,,,,,,,,,,,,,,,,,,,,,,,,,,,,,,,,,,,,,,,,,,,,,,,,,,,,,,,,,,,,,,,,,,,,,,,,,,,,,,,,,,,,,,,,,,,,,,,,,,,,,,,,,,,,,,,,,,,,,,,,,,,,,,,,,,,,,,,,,,,,,,,,,,,,,,,,,,,,,,,,,,,,,,,,,,,,,,,,,,,,,,,,,,,,,,,,,,,,,,,,,,,,,,,,,,,,,,,,,,,,,,,,,,,,,,,,,,,,,,,,,,,,,,,,,,,,,,,,,,,,,,,,,,,,,,,,,,,,,,,,,,,,,,,,,,,,,,,,,,,,,,,,,,,,,,,,,,,,,,,,,,,,,,,,,,,,,,,,,,,,,,,,,,,,,,,,,,,,,,,,,,,,,,,,,,,,,,,,,,,,,,,,,,,,,,,,,,,,,,,,,,,,,,,,,,,,,,,,,,,,,,,,,,,,,,,,,,,,,,,,,,,,,,,,,,,,,,,,,,,,,,,,,,,,,,,,,,,,,,,,,,,,,,,,,,,,,,,,,,,,,,,,,,,,,,,,,,,,,,,,,,,,
273783,,,,,,,,,,,,,,,,,,,,,,,,,,,,,,,,,,,,,,,,,,,,,,,,,,,,,,,,,,,,,,,,,,,,,,,,,,,,,,,,,,,,,,,,,,,,,,,,,,,,,,,,,,,,,,,,,,,,,,,,,,,,,,,,,,,,,,,,,,,,,,,,,,,,,,,,,,,,,,,,,,,,,,,,,,,,,,,,,,,,,,,,,,,,,,,,,,,,,,,,,,,,,,,,,,,,,,,,,,,,,,,,,,,,,,,,,,,,,,,,,,,,,,,,,,,,,,,,,,,,,,,,,,,,,,,,,,,,,,,,,,,,,,,,,,,,,,,,,,,,,,,,,,,,,,,,,,,,,,,,,,,,,,,,,,,,,,,,,,,,,,,,,,,,,,,,,,,,,,,,,,,,,,,,,,,,,,,,,,,,,,,,,,,,,,,,,,,,,,,,,,,,,,,,,,,,,,,,,,,,,,,,,,,,,,,,,,,,,,,,,,,,,,,,,,,,,,,,,,,,,,,,,,,,,,,,,,,,,,,,,,,,,,,,,,,,,,,,,,,,,,,,,,,,,,,,,,,,,,,,,,,,,,,,,,,,,,,,,,,,,,,,,,,,,,,,,,,,,,,,,,,,,,,,,,,,,,,,,,,,,,,,,,,,,,,,,,,,,,,,,,,,,,,,,,,,,,,,,,,,,,,,,,,,,,,,,,,,,,,,,,,,,,,,,,,,,,,,,,,,,,,,,,,,,,,,,,,,,,,,,,,,,,,,,,,,,,,,,,,,,,,,,,,,,,,,,,,,,,,,,,,,,,,,,,,,,,,,,,,,,,,,,,,,,,,,,,,,,,,,,,,,,,,,,,,,,,,,,,,,,,,,,,,,,,,,,,,,,,,,,,,,,,,,,,,,,,,,,,,,,,,,,,,,,,,,,,,,,,,,,,,,,,,,,,,,,,,,,,,,,,,,,,,,,,,,,,,,,,,,,,,,,,,,,,,,,,,,,,,,,,,,,,,,,,,,,,,,,,,,,,,,,,,,,,,,,,,,,,,,,,,,,,,,,,,,,,,,,,,,,,,,,,,,,,,,,,,,,,,,,,,,,,,,,,,,,,,,,,,,
727641934,,,,,,,,,,,,,,,,,,,,,,,,,,,,,,,,,,,,,,,,,,,,,,,,,,,,,,,,,,,,,,,,,,,,,,,,,,,,,,,,,,,,,,,,,,,,,,,,,,,,,,,,,,,,,,,,,,,,,,,,,,,,,,,,,,,,,,,,,,,,,,,,,,,,,,,,,,,,,,,,,,,,,,,,,,,,,,,,,,,,,,,,,,,,,,,,,,,,,,,,,,,,,,,,,,,,,,,,,,,,,,,,,,,,,,,,,,,,,,,,,,,,,,,,,,,,,,,,,,,,,,,,,,,,,,,,,,,,,,,,,,,,,,,,,,,,,,,,,,,,,,,,,,,,,,,,,,,,,,,,,,,,,,,,,,,,,,,,,,,,,,,,,,,,,,,,,,,,,,,,,,,,,,,,,,,,,,,,,,,,,,,,,,,,,,,,,,,,,,,,,,,,,,,,,,,,,,,,,,,,,,,,,,,,,,,,,,,,,,,,,,,,,,,,,,,,,,,,,,,,,,,,,,,,,,,,,,,,,,,,,,,,,,,,,,,,,,,,,,,,,,,,,,,,,,,,,,,,,,,,,,,,,,,,,,,,,,,,,,,,,,,,,,,,,,,,,,,,,,,,,,,,,,,,,,,,,,,,,,,,,,,,,,,,,,,,,,,,,,,,,,,,,,,,,,,,,,,,,,,,,,,,,,,,,,,,,,,,,,,,,,,,,,,,,,,,,,,,,,,,,,,,,,,,,,,,,,,,,,,,,,,,,,,,,,,,,,,,,,,,,,,,,,,,,,,,,,,,,,,,,,,,,,,,,,,,,,,,,,,,,,,,,,,,,,,,,,,,,,,,,,,,,,,,,,,,,,,,,,,,,,,,,,,,,,,,,,,,,,,,,,,,,,,,,,,,,,,,,,,,,,,,,,,,,,,,,,,,,,,,,,,,,,,,,,,,,,,,,,,,,,,,,,,,,,,,,,,,,,,,,,,,,,,,,,,,,,,,,,,,,,,,,,,,,,,,,,,,,,,,,,,,,,,,,,,,,,,,,,,,,,,,,,,,,,,,,,,,,,,,,,,,,,,,,,,,,,,,,,,,,,,,,,,,,,,,,,,,,,,,
108368,,,201,,,,,,,,,,,,,,,,,,,,,,,,389,,,,,239,352,,,,,,,,,,,,,,,,,308,,,,,,,,,,,,,,,,,1513,,,,,,,,1554,,,,,,,,,1531,,,,,1737,,,,,,,,,,,,,,,,,,,,,,,,,,,,,,,,2696,,,,,,,,,,2790,2788,,,,,2804,,,,,,,,,,,,,3213,,,,,,,,3718,3631,,3680,,,,,,,,,,,,,,,,3997,,,,,,,,,,,,,,,,,4048,,,,,,,,,,,,,,,,,,,,,,,,,,,,,,,,,,,,,5037,,,,,,,,,,5297,,,5471,,,,,5575,,,,,,,,,,,,,,,,,,,,,,6205,,6291,,,,,,,,,,,,,,,,6494,,,6565,,,,,,,6834,,,,,,,,,,,7054,,,,,,,,,,,7192,,,,,,,,7376,,,,,,,,,,,,,7737,,,,,,,,,,,,,8097,,,,,,,,,,,,,,,,,,,,8524,,8526,,,,,,,,,,,,,,,,,,,,,,,9009,,,,,,,,,,,,9432,,,,,,,,,,,,,,,,,,,9819,,,,9981,,,,10062,,10072,,,,,10145,,,,,,,,,,,,,,,,,,,,,,,,,,,,,10981,,,,,,,,,,,,,,,,11153,,,,,,,,,,,,,,,,,,,,,,,,,,,,,,,11996,,,,,12144,,,,,,12323,,,12249,,,,,,,,,,12421,,,,,,,,,,,,,,,,,,,,,,,,,,13250,,,,,13317,,,,,,,,,,,,,,,,,,,,,,,,,,,,,,14142,,,,,,,14207,14333,,,,,,,,,,,,14426,,,,,,,14563,,,,,14516,,,,,,,,,14920,,15001,,,,,,,,,,,,15410,,,,,,,,,,,,,,,,,,,,,,,,,,,15720,,,,,,,,,,,,,,,,,,,,,16579,,,,,,,,,,,,,,,,,,,,,,,17007,,,,,,16916,,,,,,,,17170,,,,,,,,,17629,17704,17760,,,,,,,,,,,,,,,,,,,,,,,,,,,,,18161,,,,,,,,,18328,,,,,,,,,,,,18744,,,,,,,,19169,,,,,,,,19253,,19199,,,,,,,,,,,,,,,,,,,,,,,,,,,,,,,,,,19907,,,20140,,,,,20288,,,,,20358,,,,,,,,20457,,,,,,,,,,,,,20724,,,,,,,,,,,,,21156,,,,,,,,,,,,,,,,,,,,21619,,,,,,,,,,,,,,,,,,,,,,,,22220,,,,,,,22342,,,22302,,,,,,,,,,,,,,,,,,,,,,,23030,,,,,,,,,,,,,,,,23341
25473270,,,,,,,,,,,,,,,,,,,,,,,,,,,,,,,,,,,,,,,,,,,,,,,,,,,,,,,,,,,,,,,,,,,,,,,,,,,,,,,,,,,,,,,,,,,,,,,,,,,,,,,,,,,,,,,,,,,,,,,,,,,,,,,,,,,,,,,,,,,,,,,,,,,,,,,,,,,,,,,,,,,,,,,,,,,,,,,,,,,,,,,,,,,,,,,,,,,,,,,,,,,,,,,,,,,,,,,,,,,,,,,,,,,,,,,,,,,,,,,,,,,,,,,,,,,,,,,,,,,,,,,,,,,,,,,,,,,,,,,,,,,,,,,,,,,,,,,,,,,,,,,,,,,,,,,,,,,,,,,,,,,,,,,,,,,,,,,,,,,,,,,,,,,,,,,,,,,,,,,,,,,,,,,,,,,,,,,,,,,,,,,,,,,,,,,,,,,,,,,,,,,,,,,,,,,,,,,,,,,,,,,,,,,,,,,,,,,,,,,,,,,,,,,,,,,,,,,,,,,,,,,,,,,,,,,,,,,,,,,,,,,,,,,,,,,,,,,,,,,,,,,,,,,,,,,,,,,,,,,,,,,,,,,,,,,,,,,,,,,,,,,,,,,,,,,,,,,,,,,,,,,,,,,,,,,,,,,,,,,,,,,,,,,,,,,,,,,,,,,,,,,,,,,,,,,,,,,,,,,,,,,,,,,,,,,,,,,,,,,,,,,,,,,,,,,,,,,,,,,,,,,,,,,,,,,,,,,,,,,,,,,,,,,,,,,,,,,,,,,,,,,,,,,,,,,,,,,,,,,,,,,,,,,,,,,,,,,,,,,,,,,,,,,,,,,,,,,,,,,,,,,,,,,,,,,,,,,,,,,,,,,,,,,,,,,,,,,,,,,,,,,,,,,,,,,,,,,,,,,,,,,,,,,,,,,,,,,,,,,,,,,,,,,,,,,,,,,,,,,,,,,,,,,,,,,,,,,,,,,,,,,,,,,,,,,,,,,,,,,,,,,,,,,,,,,,,,,,,,,,,,,,,,,,,,,,,,,,,,,,,,,,,,,,,,,,,,,,,,,,,,,,,,,,,,,,,,,,,,,,,,,,,,,,,,,,,,,,,,,,
1249708436,,,,,,,,,,,,,,,,,,,,738,,,,,,,,,,829,,,,646,,,,,,,,,,,,,,,,,,,,,,,,1819,,,,,,,,,,,,,,,,,,,,,,,,,,,,,,,,,,,,,,2360,,,2359,,,,,,,,,,3079,,,,,,,,,,,,,,,,,,,,3170,,,,,,,,,,,,,3437,3442,,,,3439,,,,,,,,,,,,,,,,,4068,,,,4249,,,,,,,,,,,,,,,,4518,,,,,4518,,,,,,,,,4789,,,,,,5058,,,,,,,,,,5420,,,,,,,,,,,,,,,,,,,,,5961,,,,,,,,,,,5869,,,,,,,,,,,,,,,,,,,,,,,,,,,,,,,,,,,,,,,,,,,,,,,,,,,,,,,,,,,,,,7399,,,,,,7578,7670,,,,,,,,,,,,,,,,,,,,,,,,,,,,,,,,,,,8299,,,,,,,,,,,8842,,8750,,,,,,8839,,,,8837,,,,,,,,,,,,,,,9290,,,,9380,,,,,9288,,,,,,,,,,,,,9830,,,,,,,,,,,,10098,,,,,,,,,,,,,,10369,10460,,,,,,,,,,,,,,,,,,,,,,,,11270,,,,,,,,,,,,,,,,11360,,11629,,,,,,,,,,,,,,,,,,,11810,,11898,11988,,,12167,,,,,,,,,,,,,,,,,,,,,,,,,,,,,,,,,,,,,,,,,,,,,,,13068,,,,,,,,,,,,,,,,,,,,,,,,,13788,,,,,,,,13878,,,,,,,,,,,,,,,,,,,,,,,,,,,,,,,,,,,,,,14869,,,14958,,,,14958,,,,,,,,,,,,,,,,,,,,,,,,,,,,,,15768,,,,,,,,,,,,,,,,,,,,,,,,,,,,,,,,,,,,,,,,,,,,,,,,,,,,,,,,,,,,,,,17300,,,,,,,,,,,,,,,,,,,,,,,,,,,,,,,,,,,,,,,18110,,,,,,,,,,,,,,,,,,,,,,,,,,,,,,,,,,,,,,18918,,,,18828,,,,,,,,,,,,,,,,,,,,,,,,,,,,,,,,,,,,,,,,,,,,,,,,,,,,,,,,,,,,,,,,,,,,,,,,,,,,,,,,,,20900,,,,,,,,,,,,,,,,,,,,,,,,,,,21619,,,,21709,,,,,,,,,,,,,,,,,,,,,,,22249,,,,,22519,,,,,,,,,,,,,,,,,,,,,,,,,,,,,,,,,,,,,,,,,,23510,,,,,,,,,,,,,,
25499960,,,,,,,,,,,,,,,,,,,,,,,,,,,,,,,,,,,,,,,,,,,,,,,,,,,,,,,,,,,,,,,,,,,,,,,,,,,,,,,,,,,,,,,,,,,,,,,,,,,,,,,,,,,,,,,,,,,,,,,,,,,,,,,,,,,,,,,,,,,,,,,,,,,,,,,,,,,,,,,,,,,,,,,,,,,,,,,,,,,,,,,,,,,,,,,,,,,,,,,,,,,,,,,,,,,,,,,,,,,,,,,,,,,,,,,,,,,,,,,,,,,,,,,,,,,,,,,,,,,,,,,,,,,,,,,,,,,,,,,,,,,,,,,,,,,,,,,,,,,,,,,,,,,,,,,,,,,,,,,,,,,,,,,,,,,,,,,,,,,,,,,,,,,,,,,,,,,,,,,,,,,,,,,,,,,,,,,,,,,,,,,,,,,,,,,,,,,,,,,,,,,,,,,,,,,,,,,,,,,,,,,,,,,,,,,,,,,,,,,,,,,,,,,,,,,,,,,,,,,,,,,,,,,,,,,,,,,,,,,,,,,,,,,,,,,,,,,,,,,,,,,,,,,,,,,,,,,,,,,,,,,,,,,,,,,,,,,,,,,,,,,,,,,,,,,,,,,,,,,,,,,,,,,,,,,,,,,,,,,,,,,,,,,,,,,,,,,,,,,,,,,,,,,,,,,,,,,,,,,,,,,,,,,,,,,,,,,,,,,,,,,,,,,,,,,,,,,,,,,,,,,,,,,,,,,,,,,,,,,,,,,,,,,,,,,,,,,,,,,,,,,,,,,,,,,,,,,,,,,,,,,,,,,,,,,,,,,,,,,,,,,,,,,,,,,,,,,,,,,,,,,,,,,,,,,,,,,,,,,,,,,,,,,,,,,,,,,,,,,,,,,,,,,,,,,,,,,,,,,,,,,,,,,,,,,,,,,,,,,,,,,,,,,,,,,,,,,,,,,,,,,,,,,,,,,,,,,,,,,,,,,,,,,,,,,,,,,,,,,,,,,,,,,,,,,,,,,,,,,,,,,,,,,,,,,,,,,,,,,,,,,,,,,,,,,,,,,,,,,,,,,,,,,,,,,,,,,,,,,,,,,,,,,,,,,,,,,,,,,,
930531404,,,,,,,,,,,,,,,,,,,,,,,,,,,,,,,,,,,,,,,,,,,,,,,,,,,,,,,,,,,,,,,,,,,,,,,,,,,,,,,,,,,,,,,,,,,,,,,,,,,,,,,,,,,,,,,,,,,,,,,,,,,,,,,,,,,,,,,,,,,,,,,,,,,,,,,,,,,,,,,,,,,,,,,,,,,,,,,,,,,,,,,,,,,,,,,,,,,,,,,,,,,,,,,,,,,,,,,,,,,,,,,,,,,,,,,,,,,,,,,,,,,,,,,,,,,,,,,,,,,,,,,,,,,,,,,,,,,,,,,,,,,,,,,,,,,,,,,,,,,,,,,,,,,,,,,,,,,,,,,,,,,,,,,,,,,,,,,,,,,,,,,,,,,,,,,,,,,,,,,,,,,,,,,,,,,,,,,,,,,,,,,,,,,,,,,,,,,,,,,,,,,,,,,,,,,,,,,,,,,,,,,,,,,,,,,,,,,,,,,,,,,,,,,,,,,,,,,,,,,,,,,,,,,,,,,,,,,,,,,,,,,,,,,,,,,,,,,,,,,,,,,,,,,,,,,,,,,,,,,,,,,,,,,,,,,,,,,,,,,,,,,,,,,,,,,,,,,,,,,,,,,,,,,,,,,,,,,,,,,,,,,,,,,,,,,,,,,,,,,,,,,,,,,,,,,,,,,,,,,,,,,,,,,,,,,,,,,,,,,,,,,,,,,,,,,,,,,,,,,,,,,,,,,,,,,,,,,,,,,,,,,,,,,,,,,,,,,,,,,,,,,,,,,,,,,,,,,,,,,,,,,,,,,,,,,,,,,,,,,,,,,,,,,,,,,,,,,,,,,,,,,,,,,,,,,,,,,,,,,,,,,,,,,,,,,,,,,,,,,,,,,,,,,,,,,,,,,,,,,,,,,,,,,,,,,,,,,,,,,,,,,,,,,,,,,,,,,,,,,,,,,,,,,,,,,,,,,,,,,,,,,,,,,,,,,,,,,,,,,,,,,,,,,,,,,,,,,,,,,,,,,,,,,,,,,,,,,,,,,,,,,,,,,,,,,,,,,,,,,,,,,,,,,,,,,,,,,,,,,,,,,,,,,,,,,,,,,,,,,,
378168941,,,,,,,,,,,,,,,,,,,,,,,,,,,,,,,,,,,,,,,,,,,,,,,,,,,,,,,,,,,,,,,,,,,,,,,,,,,,,,,,,,,,,,,,,,,,,,,,,,,,,,,,,,,,,,,,,,,,,,,,,,,,,,,,,,,,,,,,,,,,,,,,,,,,,,,,,,,,,,,,,,,,,,,,,,,,,,,,,,,,,,,,,,,,,,,,,,,,,,,,,,,,,,,,,,,,,,,,,,,,,,,,,,,,,,,,,,,,,,,,,,,,,,,,,,,,,,,,,,,,,,,,,,,,,,,,,,,,,,,,,,,,,,,,,,,,,,,,,,,,,,,,,,,,,,,,,,,,,,,,,,,,,,,,,,,,,,,,,,,,,,,,,,,,,,,,,,,,,,,,,,,,,,,,,,,,,,,,,,,,,,,,,,,,,,,,,,,,,,,,,,,,,,,,,,,,,,,,,,,,,,,,,,,,,,,,,,,,,,,,,,,,,,,,,,,,,,,,,,,,,,,,,,,,,,,,,,,,,,,,,,,,,,,,,,,,,,,,,,,,,,,,,,,,,,,,,,,,,,,,,,,,,,,,,,,,,,,,,,,,,,,,,,,,,,,,,,,,,,,,,,,,,,,,,,,,,,,,,,,,,,,,,,,,,,,,,,,,,,,,,,,,,,,,,,,,,,,,,,,,,,,,,,,,,,,,,,,,,,,,,,,,,,,,,,,,,,,,,,,,,,,,,,,,,,,,,,,,,,,,,,,,,,,,,,,,,,,,,,,,,,,,,,,,,,,,,,,,,,,,,,,,,,,,,,,,,,,,,,,,,,,,,,,,,,,,,,,,,,,,,,,,,,,,,,,,,,,,,,,,,,,,,,,,,,,,,,,,,,,,,,,,,,,,,,,,,,,,,,,,,,,,,,,,,,,,,,,,,,,,,,,,,,,,,,,,,,,,,,,,,,,,,,,,,,,,,,,,,,,,,,,,,,,,,,,,,,,,,,,,,,,,,,,,,,,,,,,,,,,,,,,,,,,,,,,,,,,,,,,,,,,,,,,,,,,,,,,,,,,,,,,,,,,,,,,,,,,,,,,,,,,,,,,,,,,,,,,,,,,,
6547754387,,,,,,,,,,,,,,,,,,,,,,,,,,,,,,,,,,,,,,,,,,,,,,,,,,,,,,,,,,,,,,,,,,,,,,,,,,,,,,,,,,,,,,,,,,,,,,,,,,,,,,,,,,,,,,,,,,,,,,,,,,,,,,,,,,,,,,,,,,,,,,,,,,,,,,,,,,,,,,,,,,,,,,,,,,,,,,,,,,,,,,,,,,,,,,,,,,,,,,,,,,,,,,,,,,,,,,,,,,,,,,,,,,,,,,,,,,,,,,,,,,,,,,,,,,,,,,,,,,,,,,,,,,,,,,,,,,,,,,,,,,,,,,,,,,,,,,,,,,,,,,,,,,,,,,,,,,,,,,,,,,,,,,,,,,,,,,,,,,,,,,,,,,,,,,,,,,,,,,,,,,,,,,,,,,,,,,,,,,,,,,,,,,,,,,,,,,,,,,,,,,,,,,,,,,,,,,,,,,,,,,,,,,,,,,,,,,,,,,,,,,,,,,,,,,,,,,,,,,,,,,,,,,,,,,,,,,,,,,,,,,,,,,,,,,,,,,,,,,,,,,,,,,,,,,,,,,,,,,,,,,,,,,,,,,,,,,,,,,,,,,,,,,,,,,,,,,,,,,,,,,,,,,,,,,,,,,,,,,,,,,,,,,,,,,,,,,,,,,,,,,,,,,,,,,,,,,,,,,,,,,,,,,,,,,,,,,,,,,,,,,,,,,,,,,,,,,,,,,,,,,,,,,,,,,,,,,,,,,,,,,,,,,,,,,,,,,,,,,,,,,,,,,,,,,,,,,,,,,,,,,,,,,,,,,,,,,,,,,,,,,,,,,,,,,,,,,,,,,,,,,,,,,,,,,,,,,,,,,,,,,,,,,,,,,,,,,,,,,,,,,,,,,,,,,,,,,,,,,,,,,,,,,,,,,,,,,,,,,,,,,,,,,,,,,,,,,,,,,,,,,,,,,,,,,,,,,,,,,,,,,,,,,,,,,,,,,,,,,,,,,,,,,,,,,,,,,,,,,,,,,,,,,,,,,,,,,,,,,,,,,,,,,,,,,,,,,,,,,,,,,,,,,,,,,,,,,,,,,,,,,,,,,,,,,,,,,,,,,,,
105957145,,,,,,,,,,,,,,,,,,,,,,,,,,,,,,,,,,,,,,,,,,,,,,,,,,,,,,,,,,,,,,,,,,,,,,,,,,,,,,,,,,,,,,,,,,,,,,,,,,,,,,,,,,,,,,,,,,,,,,,,,,,,,,,,,,,,,,,,,,,,,,,,,,,,,,,,,,,,,,,,,,,,,,,,,,,,,,,,,,,,,,,,,,,,,,,,,,,,,,,,,,,,,,,,,,,,,,,,,,,,,,,,,,,,,,,,,,,,,,,,,,,,,,,,,,,,,,,,,,,,,,,,,,,,,,,,,,,,,,,,,,,,,,,,,,,,,,,,,,,,,,,,,,,,,,,,,,,,,,,,,,,,,,,,,,,,,,,,,,,,,,,,,,,,,,,,,,,,,,,,,,,,,,,,,,,,,,,,,,,,,,,,,,,,,,,,,,,,,,,,,,,,,,,,,,,,,,,,,,,,,,,,,,,,,,,,,,,,,,,,,,,,,,,,,,,,,,,,,,,,,,,,,,,,,,,,,,,,,,,,,,,,,,,,,,,,,,,,,,,,,,,,,,,,,,,,,,,,,,,,,,,,,,,,,,,,,,,,,,,,,,,,,,,,,,,,,,,,,,,,,,,,,,,,,,,,,,,,,,,,,,,,,,,,,,,,,,,,,,,,,,,,,,,,,,,,,,,,,,,,,,,,,,,,,,,,,,,,,,,,,,,,,,,,,,,,,,,,,,,,,,,,,,,,,,,,,,,,,,,,,,,,,,,,,,,,,,,,,,,,,,,,,,,,,,,,,,,,,,,,,,,,,,,,,,,,,,,,,,,,,,,,,,,,,,,,,,,,,,,,,,,,,,,,,,,,,,,,,,,,,,,,,,,,,,,,,,,,,,,,,,,,,,,,,,,,,,,,,,,,,,,,,,,,,,,,,,,,,,,,,,,,,,,,,,,,,,,,,,,,,,,,,,,,,,,,,,,,,,,,,,,,,,,,,,,,,,,,,,,,,,,,,,,,,,,,,,,,,,,,,,,,,,,,,,,,,,,,,,,,,,,,,,,,,,,,,,,,,,,,,,,,,,,,,,,,,,,,,,,,,,,,,,,,,,,,,,,,,,,,
34168007,1003,1063,,,,,,,,,,1054,976,967,,1419,1333,1428,898,,,,,,981,,,,958,,,,,,1236,1153,991,,,,,1146,1180,,,,,,987,,,,,,,2048,,,,,,2252,,2232,2149,,,2499,,,,,2075,,,,,,2345,2502,2591,,2315,,,2535,,,,,2412,2510,,2338,,,2404,2504,,,,2947,3134,,2800,,3316,,,,,3310,,3418,,,3330,,3323,3338,,,,,3489,,,3680,,,,,3687,,,3493,,,,3674,,,,,3754,3947,,,,,4056,3930,3964,4230,,,4412,,,,,,,,,4293,4383,,4572,,,4578,,,,,,,4862,,4831,,,,,,4850,,,4854,,,,,,5020,5115,,,,5119,,5207,,,5227,5461,,,,,,5558,,5407,5458,5662,5646,5649,5748,5829,,5591,6027,,,,5732,,5824,,,,,,,6000,6004,,,,6111,6104,,,,6287,6393,,,,,,,,,6458,,6838,,,,,,,,,,6663,,,6917,,,,,7005,6994,6818,,,,,,,,,,,,,,,,,,,,,7632,7549,7649,,7542,,,,,7712,,7812,,,,,,,7893,8000,8094,,,,,,8082,,8077,,,,,,,,8348,,,,,8346,,,8436,,8532,,,,,,,8724,8812,,,,,,,,,,,,,9339,,,9162,,,,,,,,,9256,,,,,,,9241,9554,,9635,9717,,,,,,9791,,,,,,,,10054,,9880,,,,,,,,,,,,10145,,,10233,,,10353,10327,,,10609,10334,,,10446,10801,,,,,10699,,,,10687,10872,10962,10887,,,11237,,10957,,,,,,11134,11229,11328,11317,,,11403,,,,,11323,11504,11333,11417,11510,11410,,,,,,11605,,,11862,11883,,,,,,11952,,11707,,,,11942,11797,,,,,,,,12162,,12338,,,,,,,,12764,12484,12580,12770,12573,12668,,12595,12778,,,,,,,,,12933,,12923,,,12839,,,,,12941,,13204,13136,13115,13122,,13571,,,,,,13382,,,,,,,,,13752,,,,,13835,,,14021,,,,13935,13927,,,,,14050,14016,,,,14203,,14107,14208,,14286,14102,,14043,,,,,14565,,,14574,14467,,,,,,14920,,,,,,,,,,,15100,,,,,,,,,,,,,,,,,15033,15375,,,15279,,15276,,,15363,15543,,,,,15489,15747,15910,,15916,,16116,,,,,,16274,,,16278,,,,16349,16369,16271,,,,,,,16374,16119,16634,,,16446,16543,16449,16285,,,,16531,16720,16622,,,16547,16838,16726,,16904,,16986,16747,,17076,,,17179,,,,17254,,,,17438,17343,17200,,,,,,,,17429,,17705,17632,17543,,17538,,17614,17719,,17819,17797,,17621,,,,,17714,,,17958,,18069,18061,,,,,,,,,,,,,,18611,,,18644,18620,18784,,,,,18617,,,18701,,,,,18725,,18693,,,,,18880,18968,,18872,,,,,,,19053,,19149,,,19263,,,,,,,19611,,,,,,,,,,,19721,,,,19777,,,20135,,,,20072,,19898,,20058,20047,,,20140,20149,,20235,,,,,20322,,20314,,,20351,,,,20684,,,,,,,20863,,,,20854,21036,21060,,21041,21121,,21140,,,,,21214,,,,21050,21407,21493,,21309,,21418,21246,,,,,,21486,21785,,,,21767,,21787,,,21843,,,,21850,,21931,,,,22023,,22152,,,22119,,,,22386,22236,,,22305,,22292,,22404,,22392,,22401,,22835,,,22744,,22753,22846,,22848,,,,,22937,23121,,,23100,,,,,,23200,,23282,23301,23211,23305,,,,,,,,,,,23413,,,,,,,,23559,,23639,,,,,24032,24013,,,
2146058883,,,,,,,,,,,,,,,,,,,,,,,,,,,,,,,,,,,,,,,,,,,,,,,,,,,,,,,,,,,,,,,,,,,,,,,,,,,,,,,,,,,,,,,,,,,,,,,,,,,,,,,,,,,,,,,,,,,,,,,,,,,,,,,,,,,,,,,,,,,,,,,,,,,,,,,,,,,,,,,,,,,,,,,,,,,,,,,,,,,,,,,,,,,,,,,,,,,,,,,,,,,,,,,,,,,,,,,,,,,,,,,,,,,,,,,,,,,,,,,,,,,,,,,,,,,,,,,,,,,,,,,,,,,,,,,,,,,,,,,,,,,,,,,,,,,,,,,,,,,,,,,,,,,,,,,,,,,,,,,,,,,,,,,,,,,,,,,,,,,,,,,,,,,,,,,,,,,,,,,,,,,,,,,,,,,,,,,,,,,,,,,,,,,,,,,,,,,,,,,,,,,,,,,,,,,,,,,,,,,,,,,,,,,,,,,,,,,,,,,,,,,,,,,,,,,,,,,,,,,,,,,,,,,,,,,,,,,,,,,,,,,,,,,,,,,,,,,,,,,,,,,,,,,,,,,,,,,,,,,,,,,,,,,,,,,,,,,,,,,,,,,,,,,,,,,,,,,,,,,,,,,,,,,,,,,,,,,,,,,,,,,,,,,,,,,,,,,,,,,,,,,,,,,,,,,,,,,,,,,,,,,,,,,,,,,,,,,,,,,,,,,,,,,,,,,,,,,,,,,,,,,,,,,,,,,,,,,,,,,,,,,,,,,,,,,,,,,,,,,,,,,,,,,,,,,,,,,,,,,,,,,,,,,,,,,,,,,,,,,,,,,,,,,,,,,,,,,,,,,,,,,,,,,,,,,,,,,,,,,,,,,,,,,,,,,,,,,,,,,,,,,,,,,,,,,,,,,,,,,,,,,,,,,,,,,,,,,,,,,,,,,,,,,,,,,,,,,,,,,,,,,,,,,,,,,,,,,,,,,,,,,,,,,,,,,,,,,,,,,,,,,,,,,,,,,,,,,,,,,,,,,,,,,,,,,,,,,,,,,,,,,,,,,,,,,,,,,,,,,,,,,,,,,,,,,,,,,,,,,,,,,,,,,,,,,,,,,,,,,,
25497813,,,,,,,,,,,,,,,,,,,,,,,,,,,,,,,,,,,,,,,,,,,,,,,,,,,,,,,,,,,,,,,,,,,,,,,,,,,,,,,,,,,,,,,,,,,,,,,,,,,,,,,,,,,,,,,,,,,,,,,,,,,,,,,,,,,,,,,,,,,,,,,,,,,,,,,,,,,,,,,,,,,,,,,,,,,,,,,,,,,,,,,,,,,,,,,,,,,,,,,,,,,,,,,,,,,,,,,,,,,,,,,,,,,,,,,,,,,,,,,,,,,,,,,,,,,,,,,,,,,,,,,,,,,,,,,,,,,,,,,,,,,,,,,,,,,,,,,,,,,,,,,,,,,,,,,,,,,,,,,,,,,,,,,,,,,,,,,,,,,,,,,,,,,,,,,,,,,,,,,,,,,,,,,,,,,,,,,,,,,,,,,,,,,,,,,,,,,,,,,,,,,,,,,,,,,,,,,,,,,,,,,,,,,,,,,,,,,,,,,,,,,,,,,,,,,,,,,,,,,,,,,,,,,,,,,,,,,,,,,,,,,,,,,,,,,,,,,,,,,,,,,,,,,,,,,,,,,,,,,,,,,,,,,,,,,,,,,,,,,,,,,,,,,,,,,,,,,,,,,,,,,,,,,,,,,,,,,,,,,,,,,,,,,,,,,,,,,,,,,,,,,,,,,,,,,,,,,,,,,,,,,,,,,,,,,,,,,,,,,,,,,,,,,,,,,,,,,,,,,,,,,,,,,,,,,,,,,,,,,,,,,,,,,,,,,,,,,,,,,,,,,,,,,,,,,,,,,,,,,,,,,,,,,,,,,,,,,,,,,,,,,,,,,,,,,,,,,,,,,,,,,,,,,,,,,,,,,,,,,,,,,,,,,,,,,,,,,,,,,,,,,,,,,,,,,,,,,,,,,,,,,,,,,,,,,,,,,,,,,,,,,,,,,,,,,,,,,,,,,,,,,,,,,,,,,,,,,,,,,,,,,,,,,,,,,,,,,,,,,,,,,,,,,,,,,,,,,,,,,,,,,,,,,,,,,,,,,,,,,,,,,,,,,,,,,,,,,,,,,,,,,,,,,,,,,,,,,,,,,,,,,,,,,,,,,,,,,,,,,,
338575323,,,,,,,,,,,,,,,,,,,,,,,,,,,,,,,,,,,,,,,,,,,,,,,,,,,,,,,,,,,,,,,,,,,,,,,,,,,,,,,,,,,,,,,,,,,,,,,,,,,,,,,,,,,,,,,,,,,,,,,,,,,,,,,,,,,,,,,,,,,,,,,,,,,,,,,,,,,,,,,,,,,,,,,,,,,,,,,,,,,,,,,,,,,,,,,,,,,,,,,,,,,,,,,,,,,,,,,,,,,,,,,,,,,,,,,,,,,,,,,,,,,,,,,,,,,,,,,,,,,,,,,,,,,,,,,,,,,,,,,,,,,,,,,,,,,,,,,,,,,,,,,,,,,,,,,,,,,,,,,,,,,,,,,,,,,,,,,,,,,,,,,,,,,,,,,,,,,,,,,,,,,,,,,,,,,,,,,,,,,,,,,,,,,,,,,,,,,,,,,,,,,,,,,,,,,,,,,,,,,,,,,,,,,,,,,,,,,,,,,,,,,,,,,,,,,,,,,,,,,,,,,,,,,,,,,,,,,,,,,,,,,,,,,,,,,,,,,,,,,,,,,,,,,,,,,,,,,,,,,,,,,,,,,,,,,,,,,,,,,,,,,,,,,,,,,,,,,13257,,,,,,,,,,,,,,,,,,,,,,,,,,,,,,,,,,,,,,,,,,,,,,,,,,,,,,,,,,,,,,,,,,,,,,,,,,,,,,,,,,,,,,,,,,,,,,,,,,,,,,,,,,,,,,,,,,15941,,,,,,,,,,,,,,,,,,,,,,,,,,,,,,,,,,,,,,,,,,,,,,,,,,,,,,,,,,,,,,,,,,,,,,,,,,,,,,,,,,,,,,,,,,,,,,,,,,,,,,,,,,,,,,,,,,,,,,,,,,,,,,,,,,,,,,,,,,,,,,,,,,,,,,,,,,,,19528,,,,,,,,,,,,,,,,,,,,,,,,,,,,,,,,,,,,,,,,,,,,,,,,,,,,,,,,,,,,,,,,,,,,,,,,,,,,,,,,,,,,,,,,,,,,,,,,,,,,,,,,,,,,,,,,,,,,,,,,,,,,,,,,,,,,,,,,,,,,,,,,,,,,,,,,,,,,,,,,,,,,,,,,,,,,,,,
703524044,,,,818,1116,913,847,1214,1002,1270,1217,,,,916,,,,,,999,1028,918,1037,,1034,,1122,,,728,,,,,,,933,844,1126,1119,,,939,821,823,909,944,,,1747,2022,1718,1745,1925,,2080,,1836,2015,1902,,2170,,,1898,,,1989,2082,2204,2112,,2301,,2201,2390,2196,,,,2259,,,2210,,2267,2265,,2349,,,2261,,2206,,,,,2649,3013,,,3007,,2917,,3101,,3276,3159,,3015,,3433,3192,,3342,,,,3371,3459,3282,,3461,3375,,,3339,,,,3377,3456,,,3428,3463,,3465,,,3640,,,,3467,3728,,,,,,3968,4149,,,,4239,,4357,4268,,4264,,,,,4241,4539,,4536,4420,4515,4509,,4727,,4719,,4445,4634,,4511,4631,,4716,,,4872,4598,4779,,4729,,,,4807,5173,,4895,,,5442,,,5254,5408,5687,5345,5319,,,,,,,,,,5678,,,5617,5799,5499,,5716,,,5801,5681,5860,,5708,,,5803,5949,,,,,5980,,,,,6071,6065,6247,6257,6245,6606,6523,,6516,,6526,6424,6489,6580,6612,6492,6582,6518,6608,,6791,,,,6695,6669,6787,,,,6973,6875,6878,6970,6758,7156,6849,7061,7161,,6890,7119,,7239,7055,7147,7063,7158,7299,,,,,7416,,7607,7502,7480,,,,,7749,7779,,,7876,7874,,,,,7960,7928,7865,7839,,7931,,,7868,8053,8147,8045,8290,8018,,8293,8295,8229,8231,,,8133,,8406,,8469,8411,8499,,8472,8776,,,,8686,8868,8681,8689,8781,,8866,,8778,9134,8919,,8870,,,9041,9141,,9225,,9037,,9189,,9136,9404,9139,9121,9406,9409,,,,,,9398,,9459,9487,9395,,,9484,9764,,9767,9951,9946,,10125,,9769,10128,9849,,10131,,10004,10000,10002,10024,10183,,10179,10185,,,10294,,,10359,10391,,,10362,,,,10539,,,,,,10567,,,,,,,10844,,10932,,10989,11261,10992,10808,10923,,,,,11169,,,11287,11292,11440,11202,,,,,,,11382,11375,,11563,,,,11530,,,11746,11554,11896,11742,11800,,11653,,,11828,12071,,,11891,11889,,11917,,,11978,,,,12274,12702,12184,12367,12248,12289,12464,,,,,,,12642,,,,12519,12521,12730,12884,,12725,12911,,12739,,,12879,,,13003,12905,13281,,12997,,,,,,,12968,13087,13083,,13177,,13551,,13444,13509,13600,13726,13783,13632,,13629,13716,13731,13779,,13813,13785,,13869,,13810,,,,,13896,13903,,,13959,14139,,,14171,,,13893,,,14168,,14228,14443,14165,14179,,14441,14409,,,14499,14445,14617,14589,,,14678,14769,14799,14802,15041,,,14954,14984,14951,,15068,14886,,14981,15070,,15077,,14988,,15044,14979,15074,15072,,15079,,,15046,,,15155,,15218,15247,,,15513,,15517,,,,,15669,,16064,,15849,,16250,15966,,,16066,16057,,16029,16299,,,,,16120,16329,16239,16417,16338,16332,,,,16420,16241,,,,,16389,,16508,,,,16423,16932,,,,16659,,16749,,,16865,,17019,16956,,17045,,17321,,17047,17227,17201,,,,17198,17469,17410,,17499,17379,17403,,17493,,,,17414,,,,,17559,,,,,17772,17471,17679,17740,,17681,,,17742,,,18130,18010,18100,17946,,,,18126,18309,,18222,18188,18217,,18493,18459,,,,18579,18549,18369,18487,,18575,18761,,18734,18644,18758,18638,,18641,,18763,,18858,18729,,,18853,,18765,19091,,18855,18999,,,19307,,,19115,,19204,19179,,19392,19481,19291,,19631,19570,19448,,19753,19539,19541,19757,19566,19937,,,,,,19838,19654,,19841,20020,19926,,20022,,19843,,,20024,19990,,,20079,,20260,20210,20082,19992,,20169,,20351,20384,,20440,20445,20561,,,20467,20647,,20649,20746,,20800,,20823,,,,,,,20889,,20928,21379,21002,,,21199,21103,,,,,21106,,21068,,,,21372,21381,21188,21471,,,21701,21455,21635,,21648,,,21519,,21727,21729,,,21789,,,21972,21817,,21815,,21968,21994,,22270,22086,,,,22181,22274,,22278,,22329,,22276,,,,22509,,22444,,,22779,,,22628,,,22712,22961,22997,,,22994,,,22989,,23049,22898,22781,,23229,,,,,23357,23163,23410,23140,23088,23266,23263,23360,23269,23261,,23344,23438,,23440,,23412,23527,,23679,,23616,23719,23769,23703,,,23950,23681,
1969885712,,,,,,,,,,,,,,,,,,,,,,,,,,,,,,,,,,,,,,,,,,,,,,,,,,,,,,,,,,,,,,,,,,,,,,,,,,,,,,,,,,,,,,,,,,,,,,,,,,,,,,,,,,,,,,,,,,,,,,,,,,,,,,,,,,,,,,,,,,,,,,,,,,,,,,,,,,,,,,,,,,,,,,,,,,,,,,,,,,,,,,,,,,,,,,,,,,,,,,,,,,,,,,,,,,,,,,,,,,,,,,,,,,,,,,,,,,,,,,,,,,,,,,,,,,,,,,,,,,,,,,,,,,,,,,,,,,,,,,,,,,,,,,,,,,,,,,,,,,,,,,,,,,,,,,,,,,,,,,,,,,,,,,,,,,,,,,,,,,,,,,,,,,,,,,,,,,,,,,,,,,,,,,,,,,,,,,,,,,,,,,,,,,,,,,,,,,,,,,,,,,,,,,,,,,,,,,,,,,,,,,,,,,,,,,,,,,,,,,,,,,,,,,,,,,,,,,,,,,,,,,,,,,,,,,,,,,,,,,,,,,,,,,,,,,,,,,,,,,,,,,,,,,,,,,,,,,,,,,,,,,,,,,,,,,,,,,,,,,,,,,,,,,,,,,,,,,,,,,,,,,,,,,,,,,,,,,,,,,,,,,,,,,,,,,,,,,,,,,,,,,,,,,,,,,,,,,,,,,,,,,,,,,,,,,,,,,,,,,,,,,,,,,,,,,,,,,,,,,,,,,,,,,,,,,,,,,,,,,,,,,,,,,,,,,,,,,,,,,,,,,,,,,,,,,,,,,,,,,,,,,,,,,,,,,,,,,,,,,,,,,,,,,,,,,,,,,,,,,,,,,,,,,,,,,,,,,,,,,,,,,,,,,,,,,,,,,,,,,,,,,,,,,,,,,,,,,,,,,,,,,,,,,,,,,,,,,,,,,,,,,,,,,,,,,,,,,,,,,,,,,,,,,,,,,,,,,,,,,,,,,,,,,,,,,,,,,,,,,,,,,,,,,,,,,,,,,,,,,,,,,,,,,,,,,,,,,,,,,,,,,,,,,,,,,,,,,,,,,,,,,,,,,,,,,,,,,,,,,,,,,,,,,,,,,,,,,,,,,,,
101321415,,,,,,,,,,,,,,,,,,,,,,,,,,,,,,,,,,,,,,,,,,,,,,,,,,,,,,,,,,,,,,,,,,,,,,,,,,,,,,,,,,,,,,,,,,,,,,,,,,,,,,,,,,,,,,,,,,,,,,,,,,,,,,,,,,,,,,,,,,,,,,,,,,,,,,,,,,,,,,,,,,,,,,,,,,,,,,,,,,,,,,,,,,,,,,,,,,,,,,,,,,,,,,,,,,,,,,,,,,,,,,,,,,,,,,,,,,,,,,,,,,,,,,,,,,,,,,,,,,,,,,,,,,,,,,,,,,,,,,,,,,,,,,,,,,,,,,,,,,,,,,,,,,,,,,,,,,,,,,,,,,,,,,,,,,,,,,,,,,,,,,,,,,,,,,,,,,,,,,,,,,,,,,,,,,,,,,,,,,,,,,,,,,,,,,,,,,,,,,,,,,,,,,,,,,,,,,,,,,,,,,,,,,,,,,,,,,,,,,,,,,,,,,,,,,,,,,,,,,,,,,,,,,,,,,,,,,,,,,,,,,,,,,,,,,,,,,,,,,,,,,,,,,,,,,,,,,,,,,,,,,,,,,,,,,,,,,,,,,,,,,,,,,,,,,,,,,,,,,,,,,,,,,,,,,,,,,,,,,,,,,,,,,,,,,,,,,,,,,,,,,,,,,,,,,,,,,,,,,,,,,,,,,,,,,,,,,,,,,,,,,,,,,,,,,,,,,,,,,,,,,,,,,,,,,,,,,,,,,,,,,,,,,,,,,,,,,,,,,,,,,,,,,,,,,,,,,,,,,,,,,,,,,,,,,,,,,,,,,,,,,,,,,,,,,,,,,,,,,,,,,,,,,,,,,,,,,,,,,,,,,,,,,,,,,,,,,,,,,,,,,,,,,,,,,,,,,,,,,,,,,,,,,,,,,,,,,,,,,,,,,,,,,,,,,,,,,,,,,,,,,,,,,,,,,,,,,,,,,,,,,,,,,,,,,,,,,,,,,,,,,,,,,,,,,,,,,,,,,,,,,,,,,,,,,,,,,,,,,,,,,,,,,,,,,,,,,,,,,,,,,,,,,,,,,,,,,,,,,,,,,,,,,,,,,,,,,,,,,,,
10621317,,,,,,,,,,,,,,,,,,,,,,,,,,,,,,,,,,,,,,,,,,,,,,,,,,,,,,,,,,,,,,,,,,,,,,,,,,,,,,,,,,,,,,,,,,,,,,,,,,,,,,,,,,,,,,,,,,,,,,,,,,,,,,,,,,,,,,,,,,,,,,,,,,,,,,,,,,,,,,,,,,,,,,,,,,,,,,,,,,,,,,,,,,,,,,,,,,,,,,,,,,,,,,,,,,,,,,,,,,,,,,,,,,,,,,,,,,,,,,,,,,,,,,,,,,,,,,,,,,,,,,,,,,,,,,,,,,,,,,,,,,,,,,,,,,,,,,,,,,,,,,,,,,,,,,,,,,,,,,,,,,,,,,,,,,,,,,,,,,,,,,,,,,,,,,,,,,,,,,,,,,,,,,,,,,,,,,,,,,,,,,,,,,,,,,,,,,,,,,,,,,,,,,,,,,,,,,,,,,,,,,,,,,,,,,,,,,,,,,,,,,,,,,,,,,,,,,,,,,,,,,,,,,,,,,,,,,,,,,,,,,,,,,,,,,,,,,,,,,,,,,,,,,,,,,,,,,,,,,,,,,,,,,,,,,,,,,,,,,,,,,,,,,,,,,,,,,,,,,,,,,,,,,,,,,,,,,,,,,,,,,,,,,,,,,,,,,,,,,,,,,,,,,,,,,,,,,,,,,,,,,,,,,,,,,,,,,,,,,,,,,,,,,,,,,,,,,,,,,,,,,,,,,,,,,,,,,,,,,,,,,,,,,,,,,,,,,,,,,,,,,,,,,,,,,,,,,,,,,,,,,,,,,,,,,,,,,,,,,,,,,,,,,,,,,,,,,,,,,,,,,,,,,,,,,,,,,,,,,,,,,,,,,,,,,,,,,,,,,,,,,,,,,,,,,,,,,,,,,,,,,,,,,,,,,,,,,,,,,,,,,,,,,,,,,,,,,,,,,,,,,,,,,,,,,,,,,,,,,,,,,,,,,,,,,,,,,,,,,,,,,,,,,,,,,,,,,,,,,,,,,,,,,,,,,,,,,,,,,,,,,,,,,,,,,,,,,,,,,,,,,,,,,,,,,,,,,,,,,,,,,,,,,,,,,,,,,,,,,,,
12959453,,,,,,,,,,,,,,,,,,,,,,,,,,,,,,,,,,,,,,,,,,,,,,,,,,,,,,,,,,,,,,,,,,,,,,,,,,,,,,,,,,,,,,,,,,,,,,,,,,,,,,,,,,,,,,,,,,,,,,,,,,,,,,,,,,,,,,,,,,,,,,,,,,,,,,,,,,,,,,,,,,,,,,,,,,,,,,,,,,,,,,,,,,,,,,,,,,,,,,,,,,,,,,,,,,,,,,,,,,,,,,,,,,,,,,,,,,,,,,,,,,,,,,,,,,,,,,,,,,,,,,,,,,,,,,,,,,,,,,,,,,,,,,,,,,,,,,,,,,,,,,,,,,,,,,,,,,,,,,,,,,,,,,,,,,,,,,,,,,,,,,,,,,,,,,,,,,,,,,,,,,,,,,,,,,,,,,,,,,,,,,,,,,,,,,,,,,,,,,,,,,,,,,,,,,,,,,,,,,,,,,,,,,,,,,,,,,,,,,,,,,,,,,,,,,,,,,,,,,,,,,,,,,,,,,,,,,,,,,,,,,,,,,,,,,,,,,,,,,,,,,,,,,,,,,,,,,,,,,,,,,,,,,,,,,,,,,,,,,,,,,,,,,,,,,,,,,,,,,,,,,,,,,,,,,,,,,,,,,,,,,,,,,,,,,,,,,,,,,,,,,,,,,,,,,,,,,,,,,,,,,,,,,,,,,,,,,,,,,,,,,,,,,,,,,,,,,,,,,,,,,,,,,,,,,,,,,,,,,,,,,,,,,,,,,,,,,,,,,,,,,,,,,,,,,,,,,,,,,,,,,,,,,,,,,,,,,,,,,,,,,,,,,,,,,,,,,,,,,,,,,,,,,,,,,,,,,,,,,,,,,,,,,,,,,,,,,,,,,,,,,,,,,,,,,,,,,,,,,,,,,,,,,,,,,,,,,,,,,,,,,,,,,,,,,,,,,,,,,,,,,,,,,,,,,,,,,,,,,,,,,,,,,,,,,,,,,,,,,,,,,,,,,,,,,,,,,,,,,,,,,,,,,,,,,,,,,,,,,,,,,,,,,,,,,,,,,,,,,,,,,,,,,,,,,,,,,,,,,,,,,,,,,,,,,,,,,,,,,,,
1933585993,,,,,,,,,,,,,,,,,,,,,,,,,,,,,,,,,,,,,,,,,,,,,,,,,,,,,,,,,,,,,,,,,,,,,,,,,,,,,,,,,,,,,,,,,,,,,,,,,,,,,,,,,,,,,,,,,,,,,,,,,,,,,,,,,,,,,,,,,,,,,,,,,,,,,,,,,,,,,,,,,,,,,,,,,,,,,,,,,,,,,,,,,,,,,,,,,,,,,,,,,,,,,,,,,,,,,,,,,,,,,,,,,,,,,,,,,,,,,,,,,,,,,,,,,,,,,,,,,,,,,,,,,,,,,,,,,,,,,,,,,,,,,,,,,,,,,,,,,,,,,,,,,,,,,,,,,,,,,,,,,,,,,,,,,,,,,,,,,,,,,,,,,,,,,,,,,,,,,,,,,,,,,,,,,,,,,,,,,,,,,,,,,,,,,,,,,,,,,,,,,,,,,,,,,,,,,,,,,,,,,,,,,,,,,,,,,,,,,,,,,,,,,,,,,,,,,,,,,,,,,,,,,,,,,,,,,,,,,,,,,,,,,,,,,,,,,,,,,,,,,,,,,,,,,,,,,,,,,,,,,,,,,,,,,,,,,,,,,,,,,,,,,,,,,,,,,,,,,,,,,,,,,,,,,,,,,,,,,,,,,,,,,,,,,,,,,,,,,,,,,,,,,,,,,,,,,,,,,,,,,,,,,,,,,,,,,,,,,,,,,,,,,,,,,,,,,,,,,,,,,,,,,,,,,,,,,,,,,,,,,,,,,,,,,,,,,,,,,,,,,,,,,,,,,,,,,,,,,,,,,,,,,,,,,,,,,,,,,,,,,,,,,,,,,,,,,,,,,,,,,,,,,,,,,,,,,,,,,,,,,,,,,,,,,,,,,,,,,,,,,,,,,,,,,,,,,,,,,,,,,,,,,,,,,,,,,,,,,,,,,,,,,,,,,,,,,,,,,,,,,,,,,,,,,,,,,,,,,,,,,,,,,,,,,,,,,,,,,,,,,,,,,,,,,,,,,,,,,,,,,,,,,,,,,,,,,,,,,,,,,,,,,,,,,,,,,,,,,,,,,,,,,,,,,,,,,,,,,,,,,,,,,,,,,,,,,,,,,,,,
894693822,,,,,,,,,,,,,,,,,,,,,,,,,,,,,,,,,,,,,,,,,,,,,,,,,,,,,,,,,,,,,,,,,,,,,,,,,,,,,,,,,,,,,,,,,,,,,,,,,,,,,,,,,,,,,,,,,,,,,,,,,,,,,,,,,,,,,,,,,,,,,,,,,,,,,,,,,,,,,,,,,,,,,,,,,,,,,,,,,,,,,,,,,,,,,,,,,,,,,,,,,,,,,,,,,,,,,,,,,,,,,,,,,,,,,,,,,,,,,,,,,,,,,,,,,,,,,,,,,,,,,,,,,,,,,,,,,,,,,,,,,,,,,,,,,,,,,,,,,,,,,,,,,,,,,,,,,,,,,,,,,,,,,,,,,,,,,,,,,,,,,,,,,,,,,,,,,,,,,,,,,,,,,,,,,,,,,,,,,,,,,,,,,,,,,,,,,,,,,,,,,,,,,,,,,,,,,,,,,,,,,,,,,,,,,,,,,,,,,,,,,,,,,,,,,,,,,,,,,,,,,,,,,,,,,,,,,,,,,,,,,,,,,,,,,,,,,,,,,,,,,,,,,,,,,,,,,,,,,,,,,,,,,,,,,,,,,,,,,,,,,,,,,,,,,,,,,,,,,,,,,,,,,,,,,,,,,,,,,,,,,,,,,,,,,,,,,,,,,,,,,,,,,,,,,,,,,,,,,,,,,,,,,,,,,,,,,,,,,,,,,,,,,,,,,,,,,,,,,,,,,,,,,,,,,,,,,,,,,,,,,,,,,,,,,,,,,,,,,,,,,,,,,,,,,,,,,,,,,,,,,,,,,,,,,,,,,,,,,,,,,,,,,,,,,,,,,,,,,,,,,,,,,,,,,,,,,,,,,,,,,,,,,,,,,,,,,,,,,,,,,,,,,,,,,,,,,,,,,,,,,,,,,,,,,,,,,,,,,,,,,,,,,,,,,,,,,,,,,,,,,,,,,,,,,,,,,,,,,,,,,,,,,,,,,,,,,,,,,,,,,,,,,,,,,,,,,,,,,,,,,,,,,,,,,,,,,,,,,,,,,,,,,,,,,,,,,,,,,,,,,,,,,,,,,,,,,,,,,,,,,,,,,,,,,,,,,,,,,,,,
295929323,,,,,,,,,,,,,,,,,,,,,,,,,,,,,,,,,,,,,,,,,,,,,,,,,,,,,,,,,,,,,,,,,,,,,,,,,,,,,,,,,,,,,,,,,,,,,,,,,,,,,,,,,,,,,,,,,,,,,,,,,,,,,,,,,,,,,,,,,,,,,,,,,,,,,,,,,,,,,,,,,,,,,,,,,,,,,,,,,,,,,,,,,,,,,,,,,,,,,,,,,,,,,,,,,,,,,,,,,,,,,,,,,,,,,,,,,,,,,,,,,,,,,,,,,,,,,,,,,,,,,,,,,,,,,,,,,,,,,,,,,,,,,,,,,,,,,,,,,,,,,,,,,,,,,,,,,,,,,,,,,,,,,,,,,,,,,,,,,,,,,,,,,,,,,,,,,,,,,,,,,,,,,,,,,,,,,,,,,,,,,,,,,,,,,,,,,,,,,,,,,,,,,,,,,,,,,,,,,,,,,,,,,,,,,,,,,,,,,,,,,,,,,,,,,,,,,,,,,,,,,,,,,,,,,,,,,,,,,,,,,,,,,,,,,,,,,,,,,,,,,,,,,,,,,,,,,,,,,,,,,,,,,,,,,,,,,,,,,,,,,,,,,,,,,,,,,,,,,,,,,,,,,,,,,,,,,,,,,,,,,,,,,,,,,,,,,,,,,,,,,,,,,,,,,,,,,,,,,,,,,,,,,,,,,,,,,,,,,,,,,,,,,,,,,,,,,,,,,,,,,,,,,,,,,,,,,,,,,,,,,,,,,,,,,,,,,,,,,,,,,,,,,,,,,,,,,,,,,,,,,,,,,,,,,,,,,,,,,,,,,,,,,,,,,,,,,,,,,,,,,,,,,,,,,,,,,,,,,,,,,,,,,,,,,,,,,,,,,,,,,,,,,,,,,,,,,,,,,,,,,,,,,,,,,,,,,,,,,,,,,,,,,,,,,,,,,,,,,,,,,,,,,,,,,,,,,,,,,,,,,,,,,,,,,,,,,,,,,,,,,,,,,,,,,,,,,,,,,,,,,,,,,,,,,,,,,,,,,,,,,,,,,,,,,,,,,,,,,,,,,,,,,,,,,,,,,,,,,,,,,,,,,,,,,,,,,,,,,,,,
1112732445,,,,,,,,,,,,,,,,,,,,,,,,,,,,,,,,,,,,,,,,,,,,,,,,,,,,,,,,,,,,,,,,,,,,,,,,,,,,,,,,,,,,,,,,,,,,,,,,,,,,,,,,,,,,,,,,,,,,,,,,,,,,,,,,,,,,,,,,,,,,,,,,,,,,,,,,,,,,,,,,,,,,,,,,,,,,,,,,,,,,,,,,,,,,,,,,,,,,,,,,,,,,,,,,,,,,,,,,,,,,,,,,,,,,,,,,,,,,,,,,,,,,,,,,,,,,,,,,,,,,,,,,,,,,,,,,,,,,,,,,,,,,,,,,,,,,,,,,,,,,,,,,,,,,,,,,,,,,,,,,,,,,,,,,,,,,,,,,,,,,,,,,,,,,,,,,,,,,,,,,,,,,,,,,,,,,,,,,,,,,,,,,,,,,,,,,,,,,,,,,,,,,,,,,,,,,,,,,,,,,,,,,,,,,,,,,,,,,,,,,,,,,,,,,,,,,,,,,,,,,,,,,,,,,,,,,,,,,,,,,,,,,,,,,,,,,,,,,,,,,,,,,,,,,,,,,,,,,,,,,,,,,,,,,,,,,,,,,,,,,,,,,,,,,,,,,,,,,,,,,,,,,,,,,,,,,,,,,,,,,,,,,,,,,,,,,,,,,,,,,,,,,,,,,,,,,,,,,,,,,,,,,,,,,,,,,,,,,,,,,,,,,,,,,,,,,,,,,,,,,,,,,,,,,,,,,,,,,,,,,,,,,,,,,,,,,,,,,,,,,,,,,,,,,,,,,,,,,,,,,,,,,,,,,,,,,,,,,,,,,,,,,,,,,,,,,,,,,,,,,,,,,,,,,,,,,,,,,,,,,,,,,,,,,,,,,,,,,,,,,,,,,,,,,,,,,,,,,,,,,,,,,,,,,,,,,,,,,,,,,,,,,,,,,,,,,,,,,,,,,,,,,,,,,,,,,,,,,,,,,,,,,,,,,,,,,,,,,,,,,,,,,,,,,,,,,,,,,,,,,,,,,,,,,,,,,,,,,,,,,,,,,,,,,,,,,,,,,,,,,,,,,,,,,,,,,,,,,,,,,,,,,,,,,,,,,,,,,,,,,
104336714,,,,,,,,,,,,,,,,,,,,,,,,,,,,,,,,,,,,,,,,,,,,,,,,,,,,,,,,,,,,,,,,,,,,,,,,,,,,,,,,,,,,,,,,,,,,,,,,,,,,,,,,,,,,,,,,,,,,,,,,,,,,,,,,,,,,,,,,,,,,,,,,,,,,,,,,,,,,,,,,,,,,,,,,,,,,,,,,,,,,,,,,,,,,,,,,,,,,,,,,,,,,,,,,,,,,,,,,,,,,,,,,,,,,,,,,,,,,,,,,,,,,,,,,,,,,,,,,,,,,,,,,,,,,,,,,,,,,,,,,,,,,,,,,,,,,,,,,,,,,,,,,,,,,,,,,,,,,,,,,,,,,,,,,,,,,,,,,,,,,,,,,,,,,,,,,,,,,,,,,,,,,,,,,,,,,,,,,,,,,,,,,,,,,,,,,,,,,,,,,,,,,,,,,,,,,,,,,,,,,,,,,,,,,,,,,,,,,,,,,,,,,,,,,,,,,,,,,,,,,,,,,,,,,,,,,,,,,,,,,,,,,,,,,,,,,,,,,,,,,,,,,,,,,,,,,,,,,,,,,,,,,,,,,,,,,,,,,,,,,,,,,,,,,,,,,,,,,,,,,,,,,,,,,,,,,,,,,,,,,,,,,,,,,,,,,,,,,,,,,,,,,,,,,,,,,,,,,,,,,,,,,,,,,,,,,,,,,,,,,,,,,,,,,,,,,,,,,,,,,,,,,,,,,,,,,,,,,,,,,,,,,,,,,,,,,,,,,,,,,,,,,,,,,,,,,,,,,,,,,,,,,,,,,,,,,,,,,,,,,,,,,,,,,,,,,,,,,,,,,,,,,,,,,,,,,,,,,,,,,,,,,,,,,,,,,,,,,,,,,,,,,,,,,,,,,,,,,,,,,,,,,,,,,,,,,,,,,,,,,,,,,,,,,,,,,,,,,,,,,,,,,,,,,,,,,,,,,,,,,,,,,,,,,,,,,,,,,,,,,,,,,,,,,,,,,,,,,,,,,,,,,,,,,,,,,,,,,,,,,,,,,,,,,,,,,,,,,,,,,,,,,,,,,,,,,,,,,,,,,,,,,,,,,,,,,,,,,,,,,
